,0
0,안민석
1,유동근
2,오산
3,오색시장
4,오뎅
5,안민석
6,점심
7,오색시장
8,오산
9,오색시장
10,야맥축제
11,수제맥주
12,군것질
13,개꿀잼
14,먹스타그램
15,축제
16,소통
17,인친
18,좋아요
19,야시장
20,추천좀
21,like4like
22,야맥축제
23,오산
24,오색시장
25,페스티벌
26,수제맥주
27,PLUTO
28,브루어리304
29,BREWERY304
30,선팔
31,팔로우
32,맞팔
33,소통
34,데일리
35,오산시장
36,오색시장
37,오산
38,오색시장
39,두꺼비스넥
40,4가지다클리어
41,임산부일상
42,D
43,35w2d
44,임신9개월
45,닭띠맘
46,예비맘
47,꼬꼬맘
48,딸맘
49,산전마사지도받고노곤
50,밍밍이엄마빠
51,오늘도폭식
52,샌드위치
53,다이어트
54,호밀식빵
55,든든한한끼
56,아이반찬
57,저녁메뉴
58,간단한저녁
59,오산고기마니
60,오산떡갈비
61,오산맛집
62,오산시장
63,오산시장떡갈비
64,오색시장맛집
65,오색시장
66,오늘은뭐먹지
67,오늘저녁메뉴
68,오늘반찬
69,오늘도맛있다
70,택배
71,오색시장
72,오색시장맛집
73,추어탕맛집
74,남원추어탕
75,얼큰이추어탕
76,우렁추어탕
77,추어탕은이집이최고
78,몸이보신을부를때
79,포장2인분하면
80,3인분주는집
81,포장까지
82,내가사랑하는
83,오색시장
84,오색천
85,오산시장
86,워킹맘
87,육아맘
88,워킹맘소통
89,주말
90,순삭
91,주중도
92,순삭되길
93,헬요일
94,직딩스타그램
95,맛스타그램
96,foodstagram
97,foodpic
98,오산
99,오색시장
100,국밥
101,경기지역화폐
102,쓸데없는것
103,긴급재난지원금
104,이럴거면
105,왜주는거지
106,차라리
107,givemethe
108,money
109,첫줄
110,오산
111,맛집
112,오색시장
113,찌개잘하는집
114,돼지김치찌개
115,제육덮밥
116,맛있당
117,단골
118,개항로라이트하우스
119,볼거리많음
120,송도센트럴파크
121,공원산책
122,손잡고걷기
123,너무좋아요
124,오색시장
125,못난이꽈배기
126,시장꽈배기가진리
127,오산맛집
128,운암뚱보집
129,껍데기구이
130,고기모듬
131,진로이즈백
132,비빔면이신의한수
133,거기에다가
134,묵사발국물
135,배뚠뚠이
136,짱슬기
137,고기잘굽는남자
138,럽스타그램
139,데일리그램
140,맛있는게제일좋아
141,오색시장
142,경기도재난기본소득
143,경기도재난기본소득
144,오색시장
145,친구가게
146,장날
147,김맛집
148,일상그램
149,데일리
150,진도식품
151,brewski
152,scarecrow
153,동동주
154,오산
155,오색시장
156,오산양조장
157,감성다큐길
158,티브로드
159,수원방송
160,오산장
161,오산
162,세교
163,홍두께칼국수
164,오산홍두깨칼국수
165,먹스타
166,먹스타그램
167,맛집
168,오색시장
169,휴일간식
170,간식
171,휴일
172,오산오색시장
173,오색시장
174,도토리묵
175,장본음식
176,이베리코흑돼지
177,파김치
178,깍두기
179,아내가만든음식
180,삼겹살
181,엔
182,소주
183,오산
184,군산생선구이
185,오늘은
186,가볍게
187,똘배
188,오색시장
189,오색시장
190,홍두깨칼국수
191,먹스타그램
192,먹부림
193,먹거리
194,맛스타그램
195,일상그램
196,소통그램
197,데일리
198,좋아요
199,맛있어
200,투데이
201,일상기록
202,과일
203,소소한일상
204,오산시장
205,오색시장
206,시장맛집
207,시장투어
208,돼지꼬리
209,홍어무침
210,파김치
211,연근피클
212,고들빼기
213,오랜만에업뎃
214,투표인증
215,캠핑용품구경
216,고릴라캠핑화성점
217,오색시장
218,트렁크샷
219,시장가서
220,오색시장
221,과일
222,과일스타그램
223,출근전
224,투표
225,국회위원선거
226,어제
227,생일
228,축하해주신분들모두감사해요
229,오산
230,오색시장
231,브라더돈까스
232,먹스타그램
233,심스타그램
234,오색시장
235,거성반점
236,볶음밥
237,완전
238,양꼬치
239,오산
240,오색시장
241,연길양꼬치
242,나영맛집
243,운암
244,브롱스
245,육아돌봄쿠폰
246,탕진잼
247,80만포인트
248,오색시장
249,오산
250,칠홉스브루잉
251,파인애플펑크
252,대게라면으로마무리
253,오산시장
254,오색시장
255,코로나때문에살찌는중
256,확찐자의길
257,대게라면
258,역시라면은신라면
259,확찐자이벤트중
260,동탄역피부관리실
261,동탄역타투
262,동탄2피부관리잘하는곳
263,동탄역비만관리
264,동탄역경락
265,동투맘
266,경기지역화폐가맹점
267,식목일
268,한식
269,오색시장
270,맛집
271,고추나무
272,가지
273,방울토마토
274,딸기
275,상추
276,완두콩
277,언제상추를먹을수있을까
278,차라리상추를사는게
279,사회적거리두기
280,힘내라대한민국
281,건강한돼지
282,No19
283,농사꾼의아들
284,농사는힘들어
285,노연재
286,노현준
287,모종
288,방울꽃
289,아빠는코치님
290,오산천
291,리베라cc
292,벚꽃
293,미쳤다
294,안양천
295,동탄호수공원
296,추워
297,리틀노작
298,꽂게로제파스타
299,롤피자
300,오색시장
301,옥수수
302,마스크
303,답답해죽겠
304,코로나19
305,조심하세여
306,오산
307,오색시장
308,칠공주족발
309,가마통치킨
310,작년
311,오색시장
312,칼국수
313,딸램
314,데이뚜
315,오색시장
316,소떡소떡
317,삼남매네
318,일상
319,벗꽃구경
320,벗꽃
321,오색시장
322,봄놀이
323,운암현지방이
324,궐동유리창
325,오색시장
326,육회비빔밥
327,거의끝집
328,소주
329,달
330,째과점
331,배만지기
332,더베이크
333,빵투어
334,존맛탱
335,역시
336,마이프렌드
337,오산
338,세꼬시
339,회
340,밥
341,술
342,군산생선구이
343,오색시장
344,주말
345,산낙지
346,연어회
347,육사시미
348,오색시장
349,싱싱하고
350,저녁메뉴가
351,육아
352,육아맘
353,육아스타그램
354,신생아스타그램
355,럽스타그램
356,딸스타그램
357,자매스타그램
358,꿀뚝뚝
359,부녀
360,종이컵쌓기
361,오색시장
362,크고
363,괜찮음
364,우리는
365,시장스타일
366,오산시
367,오색시장
368,어색
369,하지않아요
370,응원
371,정병국
372,정병국의원
373,최윤희
374,세교
375,오색시장
376,오색시장야시장
377,멋짐폭발
378,정도
379,미래
380,미래통합당
381,사람
382,진짜사나이
383,해군
384,이순신
385,합참의장
386,군인
387,멋진
388,잔치국수
389,칼국수
390,이보다더좋을순없다
391,5500원의행복
392,오산
393,오산시장
394,오색시장
395,오산오색시장
396,광명홍두깨칼국수
397,지역경제살리기
398,맛있다그램
399,맛스타그램
400,선팔하면맞팔
401,오산시장
402,오색시장
403,불금
404,뻥뛰기
405,주부그램
406,엄마와세자매
407,시장칼국수
408,추억의장난감
409,축하주
410,오산
411,좋다
412,오색시장
413,똘배
414,면허1종
415,좋아
416,잘자요
417,신혼부부밥상
418,힐링데이
419,오색시장
420,5일장
421,수미네반찬따라하기
422,통오징어찌게
423,상추모종
424,텃밭가꾸기
425,일단사
426,언제심지
427,서울브루어리
428,밤에핀벚꽃고제
429,열무김치
430,파김치
431,오산시장
432,오색시장
433,이쁘게
434,담긴
435,했는데
436,맛있어라
437,과일큐브치즈
438,아이스크림
439,육아
440,방콕
441,큐브치즈
442,아이스크림
443,요거괜찮네
444,아이반찬
445,저녁메뉴
446,간단한저녁
447,오산고기마니
448,오산떡갈비
449,오산맛집
450,오산시장
451,오산시장떡갈비
452,오색시장맛집
453,오색시장
454,오늘은뭐먹지
455,오늘저녁메뉴
456,오늘반찬
457,오늘도맛있다
458,택배
459,오산맛집
460,오색시장
461,털보네
462,1인1닭
463,치맥좋아요
464,좋아요반사
465,좋아요테러
466,맞팔대환영
467,언팔금지
468,일상마무리중
469,오산시장
470,오색시장
471,오산시장
472,맛있는빵집
473,오산시장맛있는빵집
474,크림빵
475,진짜맛있음
476,시장빵집
477,오색시장맛집
478,오색시장빵맛집
479,오색시장맛집추천
480,사라다빵
481,진짜맛있는빵
482,봉스타그램
483,봉스토리
484,봉
485,오색시장
486,오산시장
487,광명홍두깨칼국수
488,오색시장맛집
489,칼국수맛집
490,칼국수
491,잔치국수
492,저렴한맛집
493,가격착한칼국수
494,오색시장칼국수
495,오색시장잔치국수
496,봉스타그램
497,봉스토리
498,봉
499,봄쭈꾸미
500,돌머리
501,오색시장
502,밥알가득
503,기절
504,시어머니사랑은며느리
505,파개장
506,서른
507,에이빌리지
508,안양일번가
509,안양역
510,안양지하상가
511,광명사거리
512,광명사거리역
513,철산로데오
514,철산역
515,철산
516,개봉
517,개봉역
518,오산역
519,오산로데오
520,오색시장
521,셀픽
522,맞팔
523,맞
524,옷스타그램
525,패션스타그램
526,부천역
527,부천로데오거리
528,부천역
529,최저가
530,청년장사꾼
531,소자본창업
532,장사의신
533,조만간
534,뵙겠습니다
535,comingsoon
536,이불랑침구
537,오산
538,오산이불랑
539,이불랑침구
540,오색시장
541,이불가게
542,광목이불
543,광목내의
544,광목내복
545,광목잠옷
546,경기도이불가게
547,오색시장어묵
548,어묵꼬지
549,달래무침
550,마늘쫑무침
551,두릅
552,오색시장
553,어묵사천원
554,편육오천원
555,구천원의
556,소주한잔
557,주말동안
558,구남친현남편
559,재래시장
560,오색시장
561,반찬만들기
562,감자전
563,엄마의사랑
564,대청소
565,집구조바꾸기
566,식탁은장식품
567,가계부정리
568,1도못쉼
569,신혼집
570,신혼
571,오색시장
572,장가네손칼국수
573,오색시장
574,대흥식당
575,돼지머리국밥
576,다이어터
577,완국
578,오색시장
579,호박죽
580,순대
581,껍질없는
582,찰순대
583,jmt
584,전자렌지
585,1분30초
586,아이반찬
587,저녁메뉴
588,간단한저녁
589,오산고기마니
590,오산떡갈비
591,오산맛집
592,오산시장
593,오산시장떡갈비
594,오색시장맛집
595,오색시장
596,오늘은뭐먹지
597,오늘저녁메뉴
598,오늘반찬
599,오늘도맛있다
600,택배
601,오산시
602,21대국회의원선거
603,최윤희
604,오산시최윤희
605,국회의원후보
606,오산시국회의원
607,합참의장
608,해군참모총장
609,유니프로젝트
610,미래통합당
611,국회의원선거
612,교육도시
613,복지도시
614,미래보장
615,청년
616,정책
617,정책공약
618,uni
619,작은거인
620,오산
621,자존심
622,오산시민
623,힘내세요
624,오산시코로나
625,코로나
626,오색시장
627,오산오색시장
628,오산시장
629,시장
630,저녁식사
631,족발
632,돼지껍데기
633,오산
634,오색시장
635,다합쳐도3만원안됨
636,배부르게
637,냠냠
638,먹스타그램
639,크로디
640,오산맥주
641,오산맛집
642,까마귀브루잉
643,오색시장
644,데이트
645,먹스타그램
646,가리비찜
647,쭈꾸미샤브샤브
648,형제스타그램
649,다이어트식단
650,육아맞팔환영
651,아들맘그램
652,홈쿡
653,오색시장
654,알쭈꾸미
655,집밥스타그램
656,오산
657,오색시장
658,홍두깨칼국수
659,점심
660,맛집
661,시장구경
662,재밌꾸요
663,날씨도
664,좋닷
665,시장
666,데이트
667,오산오색시장
668,딸기
669,대구상회
670,중앙청과
671,코로나
672,면역력강화
673,시장
674,시장좋아
675,오늘은
676,오산
677,오색시장
678,오산오색시장
679,활력넘쳐
680,시장을여는사람들
681,시장그램
682,무앤베베
683,이재배IPA
684,호떡
685,단가가다른호떡
686,갯수잘따져라잉
687,핵꿀맛
688,오산시장
689,오색시장
690,호떡호떡
691,경기도
692,오산
693,오색시장
694,어제
695,퇴근후
696,직장인
697,광명홍두깨칼국수
698,칼국수
699,가성비
700,최고
701,일상
702,주말
703,마스크
704,마스크대란
705,노답
706,맛점
707,저녁
708,외식
709,오색시장
710,칠공주족발
711,머릿고기
712,돼지국밥
713,코로나꺼저
714,위드커피
715,코로나19물러가라
716,오색시장
717,꿈
718,목표
719,열정을
720,오산맛집
721,오산해산물
722,오산횟집
723,오산킹크랩
724,시장수산
725,오산시장수산
726,오산싱싱한해산물
727,오색시장
728,추천
729,오산
730,맛집
731,오산맛집추천
732,오산해산물맛집
733,해산물
734,오산횟집추천
735,완전
736,강추
737,좋아요
738,먹스타그램
739,김치
740,일벌레
741,팔너덜너덜
742,향어구하기
743,오색시장
744,코로나망할
745,알타리
746,김치녀
747,손맛
748,시장데이트
749,하루가바쁘다
750,오늘하루열일했음
751,오산시장
752,오색시장
753,오색시장맛집
754,문전대박닭강정
755,브라더스돈까스
756,칠공주족발
757,신랑고마워
758,밥안해서좋다
759,잘먹을께
760,저녁한상차림
761,술상차림
762,양띠아들
763,양띠맘
764,닭띠아들
765,닭띠맘
766,두아들맘
767,형제맘
768,아들램
769,아들럽스타
770,아들스타그램
771,육아소통
772,데일리
773,모종
774,씨앗
775,재래시장
776,오색시장
777,재래김
778,야채
779,과일
780,부르마블
781,광명손칼국수
782,잔치국수
783,칼국수
784,코로나19
785,응원합니다
786,이겨내자
787,오산시
788,동탄2신도시
789,상추모종
790,딸기모종
791,봉숭아
792,채송화
793,따뜻한봄날
794,봄의향기
795,봄봄봄
796,노연재
797,노현준
798,가족
799,일상
800,베이블레이드
801,No19
802,KHU
803,오산
804,오색시장
805,광명홍두께칼국수
806,칼제비
807,최윤희
808,오산시
809,국회의원후보
810,미래통합당
811,오색시장
812,상인회
813,1차는
814,영동집
815,2차는
816,오색시장
817,3차는
818,노래방
819,4차는
820,국수집
821,5차는
822,육회지존
823,해외여행
824,오색시장
825,수제비
826,칼제비
827,오색시장필수코스
828,맛집투어
829,최고
830,최윤희
831,미래통합당
832,오산
833,국회의원후보
834,코로나19
835,물러가라
836,오색시장
837,방역활동
838,유명한맛집
839,오산맛집
840,오색시장
841,착한가게
842,칼국수맛집
843,겉절이
844,최고
845,쭈꾸미샤브
846,오색시장
847,오산
848,오색시장
849,두부전골
850,김치전
851,낮술
852,소주한잔
853,점심메뉴
854,점심식사
855,맛집스타그램
856,어메이징브루잉컴퍼니
857,쇼킹스타우트
858,오산
859,오색시장
860,시장수산
861,쭈꾸미
862,굴
863,쭈꾸미샤브샤브
864,태양포차
865,오산
866,오색시장
867,태양포차
868,아빠닭
869,나영맛집
870,엄마의픽
871,고기마니
872,골라골라
873,오산전지역
874,2만원이상
875,배달
876,동탄
877,3만원부터
878,택배는
879,3만원부터
880,5만원
881,무료배송
882,아이반찬
883,저녁메뉴
884,간단한저녁
885,오산고기마니
886,오산떡갈비
887,오산맛집
888,오산시장
889,오산시장떡갈비
890,오색시장맛집
891,오색시장
892,오늘은뭐먹지
893,오늘저녁메뉴
894,오늘반찬
895,오늘도맛있다
896,택배
897,아이반찬
898,저녁메뉴
899,간단한저녁
900,오산고기마니
901,오산떡갈비
902,오산맛집
903,오산시장
904,오산시장떡갈비
905,오색시장맛집
906,오색시장
907,오늘은뭐먹지
908,오늘저녁메뉴
909,오늘반찬
910,오늘도맛있다
911,택배
912,오색시장
913,칼국수집
914,오색시장호떡
915,영채나물
916,이름값이
917,오색시장
918,오색시장
919,광명홍두깨칼국수
920,수제비
921,칼국수
922,3500원
923,새해
924,가족과함께
925,만두빚기
926,이벤트
927,만두피는
928,오색시장
929,만두속은
930,백종원레시피
931,만두잘빚는
932,이쁜
933,아들
934,딸
935,일상
936,맛집
937,오산
938,오색시장
939,오산시장
940,돈까스
941,수제돈까스
942,돈까스맛집
943,오산맛집
944,오산
945,오색시장
946,킹크랩
947,대게
948,대게파티
949,가리비
950,꽈배기
951,족발
952,생일만찬
953,13년생
954,딸스타그램
955,생일
956,생일축하
957,사랑해
958,아빠딸
959,케잌
960,cake
961,happybirthday
962,mydoughter
963,2월15일
964,오산
965,오색시장
966,킹크랩
967,대게
968,대게파티
969,가리비
970,꽈배기
971,족발
972,생일만찬
973,13년생
974,딸스타그램
975,생일
976,생일축하
977,사랑해
978,아빠딸
979,케잌
980,cake
981,happybirthday
982,mydoughter
983,2월15일
984,오색시장
985,칼국수
986,고칼로리
987,살찌는소리
988,재래시장
989,맛집
990,오산
991,오색시장
992,갓구운
993,호두파이
994,따끈따끈
995,우유한잔과함께
996,3일8일5일장
